"term","vif"
"static_power",1.26303902118407
"dynamic_power",1.32826005772745
"resistive_power",1.21999575537735
