"term","vif"
"driving_pressure",1.0132752693244
"rr",1.01327526932438
